年度,地區別,蔬果類別,種植面積_公頃,收穫面積_公頃
2024,高雄市,鳳梨,1450.57,970.87
2024,雲林縣,鳳梨,870.62,550.45
2024,金門縣,鳳梨,-,-
2024,連江縣,鳳梨,-,-
2024,苗栗縣,鳳梨,1.45,1.45
2024,花蓮縣,鳳梨,92.6,46.74
2024,臺東縣,鳳梨,381.56,296.96
2024,臺南市,鳳梨,1537.15,956.14
2024,臺北市,鳳梨,-,-
2024,臺中市,鳳梨,167.34,158.43
2024,澎湖縣,鳳梨,-,-
2024,桃園市,鳳梨,1.14,0.36
2024,新竹縣,鳳梨,0.38,0.38
2024,新竹市,鳳梨,-,-
2024,新北市,鳳梨,4.47,2.9
2024,彰化縣,鳳梨,229.28,185.83
2024,屏東縣,鳳梨,3476.35,2051.92
2024,宜蘭縣,鳳梨,32.07,20.39
2024,基隆市,鳳梨,0.18,0.18
2024,嘉義縣,鳳梨,1455.26,920.46
2024,嘉義市,鳳梨,79.17,54.65
2024,南投縣,鳳梨,965.59,769.73
2024,高雄市,香蕉,2218.36,2198.49
2024,雲林縣,香蕉,727.7,695.47
2024,金門縣,香蕉,0.8,0.8
2024,連江縣,香蕉,-,-
2024,苗栗縣,香蕉,130.81,130.71
2024,花蓮縣,香蕉,219.48,89.74
2024,臺東縣,香蕉,446.4,421.48
2024,臺南市,香蕉,938.08,927.72
2024,臺北市,香蕉,7.89,7.89
2024,臺中市,香蕉,609.76,600.67
2024,澎湖縣,香蕉,2.25,2.15
2024,桃園市,香蕉,59.52,54.5
2024,新竹縣,香蕉,111.49,108.76
2024,新竹市,香蕉,7.31,7.31
2024,新北市,香蕉,80.38,71.67
2024,彰化縣,香蕉,128.29,126.49
2024,屏東縣,香蕉,4082.39,3948.98
2024,宜蘭縣,香蕉,71.33,64.96
2024,基隆市,香蕉,3.78,3.78
2024,嘉義縣,香蕉,2274.66,2200.08
2024,嘉義市,香蕉,27.61,26.49
2024,南投縣,香蕉,2654.63,2644.82
2024,高雄市,蘋果,0.02,0.02
2024,雲林縣,蘋果,-,-
2024,金門縣,蘋果,0.02,0.02
2024,連江縣,蘋果,-,-
2024,苗栗縣,蘋果,-,-
2024,花蓮縣,蘋果,1.35,1.35
2024,臺東縣,蘋果,0.05,-
2024,臺南市,蘋果,0.5,0.5
2024,臺北市,蘋果,-,-
2024,臺中市,蘋果,155.2,155.2
2024,澎湖縣,蘋果,-,-
2024,桃園市,蘋果,1.52,1
2024,新竹縣,蘋果,0.2,0.2
2024,新竹市,蘋果,-,-
2024,新北市,蘋果,-,-
2024,彰化縣,蘋果,-,-
2024,屏東縣,蘋果,-,-
2024,宜蘭縣,蘋果,-,-
2024,基隆市,蘋果,-,-
2024,嘉義縣,蘋果,0.09,0.09
2024,嘉義市,蘋果,-,-
2024,南投縣,蘋果,22,22
2024,高雄市,葡萄,2.28,2.28
2024,雲林縣,葡萄,1.29,0.5
2024,金門縣,葡萄,-,-
2024,連江縣,葡萄,-,-
2024,苗栗縣,葡萄,442.17,442.17
2024,花蓮縣,葡萄,-,-
2024,臺東縣,葡萄,0.84,0.76
2024,臺南市,葡萄,4.02,3.19
2024,臺北市,葡萄,-,-
2024,臺中市,葡萄,418.85,418.28
2024,澎湖縣,葡萄,-,-
2024,桃園市,葡萄,4.81,4.81
2024,新竹縣,葡萄,1.12,1.12
2024,新竹市,葡萄,0.19,0.19
2024,新北市,葡萄,0.07,0.06
2024,彰化縣,葡萄,1129.11,1128.61
2024,屏東縣,葡萄,1.2,1.1
2024,宜蘭縣,葡萄,0.52,0.52
2024,基隆市,葡萄,0.02,-
2024,嘉義縣,葡萄,5.1,5
2024,嘉義市,葡萄,-,-
2024,南投縣,葡萄,266,265.68
2024,高雄市,草莓,2.03,2.03
2024,雲林縣,草莓,3.15,3.15
2024,金門縣,草莓,-,-
2024,連江縣,草莓,-,-
2024,苗栗縣,草莓,536.96,536.96
2024,花蓮縣,草莓,2.08,2.08
2024,臺東縣,草莓,0.47,0.47
2024,臺南市,草莓,3.25,3.25
2024,臺北市,草莓,2.95,2.95
2024,臺中市,草莓,15.31,15.31
2024,澎湖縣,草莓,-,-
2024,桃園市,草莓,5.72,5.72
2024,新竹縣,草莓,7.37,7.37
2024,新竹市,草莓,0.4,0.4
2024,新北市,草莓,0.66,0.66
2024,彰化縣,草莓,2.59,2.59
2024,屏東縣,草莓,0.4,0.4
2024,宜蘭縣,草莓,0.4,0.4
2024,基隆市,草莓,-,-
2024,嘉義縣,草莓,3.34,3.34
2024,嘉義市,草莓,-,-
2024,南投縣,草莓,10.46,10.46
2024,高雄市,芒果,1898.71,1888.87
2024,雲林縣,芒果,161.47,159.77
2024,金門縣,芒果,-,-
2024,連江縣,芒果,-,-
2024,苗栗縣,芒果,17.55,17.45
2024,花蓮縣,芒果,116.62,84.12
2024,臺東縣,芒果,390.95,367.64
2024,臺南市,芒果,7203.55,7179.03
2024,臺北市,芒果,-,-
2024,臺中市,芒果,118.25,116.23
2024,澎湖縣,芒果,-,-
2024,桃園市,芒果,5.24,2.26
2024,新竹縣,芒果,4.22,4.21
2024,新竹市,芒果,1.4,1
2024,新北市,芒果,3.46,2.34
2024,彰化縣,芒果,164.32,153.06
2024,屏東縣,芒果,5784.91,5640.72
2024,宜蘭縣,芒果,9.28,5.94
2024,基隆市,芒果,0.1,0.1
2024,嘉義縣,芒果,294.29,288.65
2024,嘉義市,芒果,21.16,21.16
2024,南投縣,芒果,126.7,114.36
2024,高雄市,木瓜,273.79,273.73
2024,雲林縣,木瓜,165.24,161.98
2024,金門縣,木瓜,0.27,0.27
2024,連江縣,木瓜,-,-
2024,苗栗縣,木瓜,31.08,31.08
2024,花蓮縣,木瓜,11.45,9.9
2024,臺東縣,木瓜,62.24,56.94
2024,臺南市,木瓜,648.81,607.53
2024,臺北市,木瓜,3.02,3.02
2024,臺中市,木瓜,21.44,20.82
2024,澎湖縣,木瓜,1.11,1
2024,桃園市,木瓜,5.94,4.54
2024,新竹縣,木瓜,6.1,6.1
2024,新竹市,木瓜,0.22,0.22
2024,新北市,木瓜,3.22,3.02
2024,彰化縣,木瓜,38.58,35.93
2024,屏東縣,木瓜,692.37,669.77
2024,宜蘭縣,木瓜,3.33,2.33
2024,基隆市,木瓜,0.06,0.06
2024,嘉義縣,木瓜,259.26,246.56
2024,嘉義市,木瓜,8.55,8.55
2024,南投縣,木瓜,426.92,361.79
2023,高雄市,鳳梨,1510.99,975.62
2023,雲林縣,鳳梨,881.57,553.84
2023,金門縣,鳳梨,-,-
2023,連江縣,鳳梨,-,-
2023,苗栗縣,鳳梨,2.5,2.5
2023,花蓮縣,鳳梨,99.31,46.85
2023,臺東縣,鳳梨,343.32,266.16
2023,臺南市,鳳梨,1574.76,1008.11
2023,臺北市,鳳梨,-,-
2023,臺中市,鳳梨,167.66,155.04
2023,澎湖縣,鳳梨,0.1,0.1
2023,桃園市,鳳梨,1.06,0.43
2023,新竹縣,鳳梨,0.39,0.39
2023,新竹市,鳳梨,-,-
2023,新北市,鳳梨,4.19,2.65
2023,彰化縣,鳳梨,216.89,185.5
2023,屏東縣,鳳梨,3482.96,2144.27
2023,宜蘭縣,鳳梨,33.42,24.14
2023,基隆市,鳳梨,0.17,0.17
2023,嘉義縣,鳳梨,1473.98,955.3
2023,嘉義市,鳳梨,78.01,52.88
2023,南投縣,鳳梨,997.28,756.09
2023,高雄市,香蕉,2219.27,2168.54
2023,雲林縣,香蕉,700.29,685.19
2023,金門縣,香蕉,0.8,0.8
2023,連江縣,香蕉,-,-
2023,苗栗縣,香蕉,128.06,126.96
2023,花蓮縣,香蕉,221.19,177.33
2023,臺東縣,香蕉,466.67,443.3
2023,臺南市,香蕉,955.11,952.04
2023,臺北市,香蕉,7.78,7.78
2023,臺中市,香蕉,611.12,597.26
2023,澎湖縣,香蕉,2.15,2.07
2023,桃園市,香蕉,63.39,58.94
2023,新竹縣,香蕉,107.23,107.23
2023,新竹市,香蕉,7.31,7.31
2023,新北市,香蕉,79.75,71.93
2023,彰化縣,香蕉,113.48,112.18
2023,屏東縣,香蕉,4013.37,3883.22
2023,宜蘭縣,香蕉,69.28,63.48
2023,基隆市,香蕉,4.44,4.44
2023,嘉義縣,香蕉,2344.95,2280.82
2023,嘉義市,香蕉,28.5,28.2
2023,南投縣,香蕉,2722,2712.49
2023,高雄市,蘋果,0.02,0.02
2023,雲林縣,蘋果,-,-
2023,金門縣,蘋果,0.02,0.02
2023,連江縣,蘋果,-,-
2023,苗栗縣,蘋果,-,-
2023,花蓮縣,蘋果,0.75,0.75
2023,臺東縣,蘋果,-,-
2023,臺南市,蘋果,0.5,0.5
2023,臺北市,蘋果,-,-
2023,臺中市,蘋果,155.2,155.2
2023,澎湖縣,蘋果,-,-
2023,桃園市,蘋果,1.52,1
2023,新竹縣,蘋果,0.2,0.2
2023,新竹市,蘋果,-,-
2023,新北市,蘋果,-,-
2023,彰化縣,蘋果,-,-
2023,屏東縣,蘋果,-,-
2023,宜蘭縣,蘋果,-,-
2023,基隆市,蘋果,-,-
2023,嘉義縣,蘋果,0.06,0.06
2023,嘉義市,蘋果,-,-
2023,南投縣,蘋果,22,22
2023,高雄市,葡萄,2.58,2.58
2023,雲林縣,葡萄,0.76,0.53
2023,金門縣,葡萄,-,-
2023,連江縣,葡萄,-,-
2023,苗栗縣,葡萄,442.91,442.91
2023,花蓮縣,葡萄,-,-
2023,臺東縣,葡萄,0.8,0.8
2023,臺南市,葡萄,4.04,3.6
2023,臺北市,葡萄,-,-
2023,臺中市,葡萄,422.58,422.16
2023,澎湖縣,葡萄,-,-
2023,桃園市,葡萄,4.91,4.56
2023,新竹縣,葡萄,0.94,0.94
2023,新竹市,葡萄,0.19,0.19
2023,新北市,葡萄,0.07,0.06
2023,彰化縣,葡萄,1137.8,1137.8
2023,屏東縣,葡萄,1.1,0.5
2023,宜蘭縣,葡萄,0.55,0.55
2023,基隆市,葡萄,-,-
2023,嘉義縣,葡萄,8.7,8.7
2023,嘉義市,葡萄,-,-
2023,南投縣,葡萄,281.83,281.83
2023,高雄市,草莓,2.1,2.1
2023,雲林縣,草莓,3.58,3.58
2023,金門縣,草莓,-,-
2023,連江縣,草莓,-,-
2023,苗栗縣,草莓,521.55,521.55
2023,花蓮縣,草莓,1.36,1.36
2023,臺東縣,草莓,0.42,0.42
2023,臺南市,草莓,3.46,3.46
2023,臺北市,草莓,2.95,2.95
2023,臺中市,草莓,12.15,12.15
2023,澎湖縣,草莓,-,-
2023,桃園市,草莓,5.25,5.25
2023,新竹縣,草莓,14,14
2023,新竹市,草莓,0.3,0.3
2023,新北市,草莓,0.68,0.68
2023,彰化縣,草莓,2.8,2.8
2023,屏東縣,草莓,0.3,0.3
2023,宜蘭縣,草莓,0.25,0.25
2023,基隆市,草莓,-,-
2023,嘉義縣,草莓,3.03,3.03
2023,嘉義市,草莓,0.3,0.3
2023,南投縣,草莓,11.27,11.27
2023,高雄市,芒果,1893.45,1889.22
2023,雲林縣,芒果,153.29,151.86
2023,金門縣,芒果,-,-
2023,連江縣,芒果,-,-
2023,苗栗縣,芒果,15.65,15.65
2023,花蓮縣,芒果,119.77,56.71
2023,臺東縣,芒果,379.25,360.14
2023,臺南市,芒果,7267.34,7254.49
2023,臺北市,芒果,-,-
2023,臺中市,芒果,120.48,117.66
2023,澎湖縣,芒果,-,-
2023,桃園市,芒果,5.63,2.38
2023,新竹縣,芒果,4.19,4.18
2023,新竹市,芒果,1.5,1.1
2023,新北市,芒果,3.1,2.34
2023,彰化縣,芒果,150.68,149.1
2023,屏東縣,芒果,5780.22,5621.08
2023,宜蘭縣,芒果,8.75,6.9
2023,基隆市,芒果,0.1,0.1
2023,嘉義縣,芒果,292.78,287.51
2023,嘉義市,芒果,23.75,23.75
2023,南投縣,芒果,124.06,120.16
2023,高雄市,木瓜,277.5,274.16
2023,雲林縣,木瓜,185.41,183.08
2023,金門縣,木瓜,0.27,0.27
2023,連江縣,木瓜,-,-
2023,苗栗縣,木瓜,25.08,25.08
2023,花蓮縣,木瓜,14.46,11.84
2023,臺東縣,木瓜,92.88,89.38
2023,臺南市,木瓜,633.85,618.61
2023,臺北市,木瓜,3.03,3.03
2023,臺中市,木瓜,19.4,18.44
2023,澎湖縣,木瓜,1,1
2023,桃園市,木瓜,5.31,5.03
2023,新竹縣,木瓜,6.15,6.15
2023,新竹市,木瓜,0.21,0.21
2023,新北市,木瓜,3.31,3.17
2023,彰化縣,木瓜,36.45,35.3
2023,屏東縣,木瓜,688.97,672.45
2023,宜蘭縣,木瓜,4.05,4.05
2023,基隆市,木瓜,0.04,0.04
2023,嘉義縣,木瓜,262.85,251.35
2023,嘉義市,木瓜,10.15,9.7
2023,南投縣,木瓜,438.99,374.36
2022,高雄市,鳳梨,1547.31,1001.9
2022,雲林縣,鳳梨,900.8,491.88
2022,金門縣,鳳梨,-,-
2022,連江縣,鳳梨,-,-
2022,苗栗縣,鳳梨,2.8,2.8
2022,花蓮縣,鳳梨,119.88,77.48
2022,臺東縣,鳳梨,356.01,267.47
2022,臺南市,鳳梨,1634.83,1080.92
2022,臺北市,鳳梨,-,-
2022,臺中市,鳳梨,161.51,145.86
2022,澎湖縣,鳳梨,0.1,0.1
2022,桃園市,鳳梨,1.41,0.58
2022,新竹縣,鳳梨,0.38,0.38
2022,新竹市,鳳梨,-,-
2022,新北市,鳳梨,3.76,2.33
2022,彰化縣,鳳梨,249.63,209.92
2022,屏東縣,鳳梨,3553.66,2258.78
2022,宜蘭縣,鳳梨,39.34,28.34
2022,基隆市,鳳梨,0.16,0.16
2022,嘉義縣,鳳梨,1447.41,957.13
2022,嘉義市,鳳梨,80.86,56.46
2022,南投縣,鳳梨,1132.07,832.99
2022,高雄市,香蕉,2215.59,2166.19
2022,雲林縣,香蕉,710.49,671.03
2022,金門縣,香蕉,0.8,0.8
2022,連江縣,香蕉,-,-
2022,苗栗縣,香蕉,131.86,131.36
2022,花蓮縣,香蕉,332.64,246.7
2022,臺東縣,香蕉,471.67,448.16
2022,臺南市,香蕉,963.05,959.97
2022,臺北市,香蕉,7.99,7.99
2022,臺中市,香蕉,623.07,612.15
2022,澎湖縣,香蕉,2.15,2.15
2022,桃園市,香蕉,61.97,58.61
2022,新竹縣,香蕉,113.68,113.68
2022,新竹市,香蕉,6.99,6.99
2022,新北市,香蕉,79.1,72.14
2022,彰化縣,香蕉,128.47,127.65
2022,屏東縣,香蕉,4084.25,3728.18
2022,宜蘭縣,香蕉,91.16,86.65
2022,基隆市,香蕉,4.44,4.44
2022,嘉義縣,香蕉,2424.46,2325.51
2022,嘉義市,香蕉,23,23
2022,南投縣,香蕉,2829.67,2822.76
2022,高雄市,蘋果,0.02,0.02
2022,雲林縣,蘋果,-,-
2022,金門縣,蘋果,0.02,0.02
2022,連江縣,蘋果,-,-
2022,苗栗縣,蘋果,-,-
2022,花蓮縣,蘋果,1.25,1.25
2022,臺東縣,蘋果,-,-
2022,臺南市,蘋果,0.62,0.62
2022,臺北市,蘋果,-,-
2022,臺中市,蘋果,155.2,155.2
2022,澎湖縣,蘋果,-,-
2022,桃園市,蘋果,1.5,1
2022,新竹縣,蘋果,0.2,0.2
2022,新竹市,蘋果,-,-
2022,新北市,蘋果,-,-
2022,彰化縣,蘋果,-,-
2022,屏東縣,蘋果,-,-
2022,宜蘭縣,蘋果,-,-
2022,基隆市,蘋果,-,-
2022,嘉義縣,蘋果,0.06,0.06
2022,嘉義市,蘋果,-,-
2022,南投縣,蘋果,22,22
2022,高雄市,葡萄,2.72,2.72
2022,雲林縣,葡萄,6.47,6.47
2022,金門縣,葡萄,-,-
2022,連江縣,葡萄,-,-
2022,苗栗縣,葡萄,435.4,435.4
2022,花蓮縣,葡萄,0.1,0.1
2022,臺東縣,葡萄,2.45,2.45
2022,臺南市,葡萄,3.78,3.62
2022,臺北市,葡萄,-,-
2022,臺中市,葡萄,453.1,452.59
2022,澎湖縣,葡萄,-,-
2022,桃園市,葡萄,4.98,4.85
2022,新竹縣,葡萄,0.84,0.84
2022,新竹市,葡萄,-,-
2022,新北市,葡萄,0.08,0.07
2022,彰化縣,葡萄,1166.62,1166.62
2022,屏東縣,葡萄,1.2,0.7
2022,宜蘭縣,葡萄,0.66,0.66
2022,基隆市,葡萄,-,-
2022,嘉義縣,葡萄,9.23,9.23
2022,嘉義市,葡萄,-,-
2022,南投縣,葡萄,295.93,295.93
2022,高雄市,草莓,3.71,3.71
2022,雲林縣,草莓,3.11,3.11
2022,金門縣,草莓,-,-
2022,連江縣,草莓,-,-
2022,苗栗縣,草莓,490.66,490.66
2022,花蓮縣,草莓,1.41,1.41
2022,臺東縣,草莓,0.08,0.08
2022,臺南市,草莓,5.53,5.53
2022,臺北市,草莓,2.95,2.95
2022,臺中市,草莓,14.2,14.2
2022,澎湖縣,草莓,-,-
2022,桃園市,草莓,6.71,6.71
2022,新竹縣,草莓,14.66,14.66
2022,新竹市,草莓,0.2,0.2
2022,新北市,草莓,1.18,1.18
2022,彰化縣,草莓,1.06,1.06
2022,屏東縣,草莓,1.05,1.05
2022,宜蘭縣,草莓,0.57,0.57
2022,基隆市,草莓,-,-
2022,嘉義縣,草莓,3.49,3.49
2022,嘉義市,草莓,-,-
2022,南投縣,草莓,14.86,14.86
2022,高雄市,芒果,1931.14,1925.28
2022,雲林縣,芒果,144.26,142.84
2022,金門縣,芒果,-,-
2022,連江縣,芒果,-,-
2022,苗栗縣,芒果,13.98,13.98
2022,花蓮縣,芒果,116.67,23.94
2022,臺東縣,芒果,349,329.69
2022,臺南市,芒果,7244.68,7230.67
2022,臺北市,芒果,-,-
2022,臺中市,芒果,128.56,126.39
2022,澎湖縣,芒果,-,-
2022,桃園市,芒果,5.43,2.68
2022,新竹縣,芒果,4.19,4.18
2022,新竹市,芒果,1.3,0.9
2022,新北市,芒果,3.34,2.96
2022,彰化縣,芒果,185.17,184.11
2022,屏東縣,芒果,5828.6,5672.56
2022,宜蘭縣,芒果,6.84,6.09
2022,基隆市,芒果,0.1,0.1
2022,嘉義縣,芒果,314.19,308.26
2022,嘉義市,芒果,24.43,24.43
2022,南投縣,芒果,122.21,119.76
2022,高雄市,木瓜,291.05,289.57
2022,雲林縣,木瓜,196.09,186.04
2022,金門縣,木瓜,0.27,0.27
2022,連江縣,木瓜,-,-
2022,苗栗縣,木瓜,35.72,35.72
2022,花蓮縣,木瓜,22.03,21.13
2022,臺東縣,木瓜,55.28,51.78
2022,臺南市,木瓜,639.02,624.75
2022,臺北市,木瓜,3.2,3.2
2022,臺中市,木瓜,16.36,16.14
2022,澎湖縣,木瓜,1.08,1.08
2022,桃園市,木瓜,7.08,6.99
2022,新竹縣,木瓜,5.57,5.57
2022,新竹市,木瓜,0.11,0.11
2022,新北市,木瓜,3.46,3.36
2022,彰化縣,木瓜,38.84,38.54
2022,屏東縣,木瓜,698.06,683.76
2022,宜蘭縣,木瓜,5.78,5.78
2022,基隆市,木瓜,0.04,0.04
2022,嘉義縣,木瓜,270.61,243.61
2022,嘉義市,木瓜,10.02,10.02
2022,南投縣,木瓜,430.34,374.48
2021,高雄市,鳳梨,1533.89,1029.97
2021,雲林縣,鳳梨,929.04,508.04
2021,金門縣,鳳梨,-,-
2021,連江縣,鳳梨,-,-
2021,苗栗縣,鳳梨,4.81,4.81
2021,花蓮縣,鳳梨,147.76,113.58
2021,臺東縣,鳳梨,350.11,257.41
2021,臺南市,鳳梨,1706.72,1138.02
2021,臺北市,鳳梨,-,-
2021,臺中市,鳳梨,152.6,151.6
2021,澎湖縣,鳳梨,0.03,0.03
2021,桃園市,鳳梨,0.5,0.44
2021,新竹縣,鳳梨,0.2,0.2
2021,新竹市,鳳梨,-,-
2021,新北市,鳳梨,2.97,2.58
2021,彰化縣,鳳梨,252.85,178.72
2021,屏東縣,鳳梨,3632.35,2400.15
2021,宜蘭縣,鳳梨,40.1,40.06
2021,基隆市,鳳梨,0.06,0.06
2021,嘉義縣,鳳梨,1508.6,1028.38
2021,嘉義市,鳳梨,81.28,57.68
2021,南投縣,鳳梨,1181.23,885.22
2021,高雄市,香蕉,2215.18,2202.47
2021,雲林縣,香蕉,668.09,636.64
2021,金門縣,香蕉,0.8,0.8
2021,連江縣,香蕉,-,-
2021,苗栗縣,香蕉,122.15,122.15
2021,花蓮縣,香蕉,541.92,361.72
2021,臺東縣,香蕉,492.71,489.21
2021,臺南市,香蕉,1000.75,999
2021,臺北市,香蕉,7.96,7.96
2021,臺中市,香蕉,622.8,616.13
2021,澎湖縣,香蕉,2.36,2.36
2021,桃園市,香蕉,61.98,58.08
2021,新竹縣,香蕉,113.5,113.5
2021,新竹市,香蕉,6.85,6.85
2021,新北市,香蕉,77.87,72.28
2021,彰化縣,香蕉,134.57,134.08
2021,屏東縣,香蕉,4025.81,3626.69
2021,宜蘭縣,香蕉,107.99,104.74
2021,基隆市,香蕉,4.24,4.24
2021,嘉義縣,香蕉,2514.15,2434.37
2021,嘉義市,香蕉,35.94,35.94
2021,南投縣,香蕉,3015.08,3013.63
2021,高雄市,蘋果,-,-
2021,雲林縣,蘋果,-,-
2021,金門縣,蘋果,0.02,0.02
2021,連江縣,蘋果,-,-
2021,苗栗縣,蘋果,-,-
2021,花蓮縣,蘋果,1.25,1.25
2021,臺東縣,蘋果,-,-
2021,臺南市,蘋果,0.62,0.62
2021,臺北市,蘋果,-,-
2021,臺中市,蘋果,155.2,155.2
2021,澎湖縣,蘋果,-,-
2021,桃園市,蘋果,1,1
2021,新竹縣,蘋果,-,-
2021,新竹市,蘋果,-,-
2021,新北市,蘋果,-,-
2021,彰化縣,蘋果,-,-
2021,屏東縣,蘋果,-,-
2021,宜蘭縣,蘋果,-,-
2021,基隆市,蘋果,-,-
2021,嘉義縣,蘋果,0.06,0.06
2021,嘉義市,蘋果,-,-
2021,南投縣,蘋果,28.1,28.1
2021,高雄市,葡萄,3.16,3.16
2021,雲林縣,葡萄,4.49,4.49
2021,金門縣,葡萄,-,-
2021,連江縣,葡萄,-,-
2021,苗栗縣,葡萄,435.65,435.65
2021,花蓮縣,葡萄,-,-
2021,臺東縣,葡萄,2.35,2.35
2021,臺南市,葡萄,2.88,2.88
2021,臺北市,葡萄,-,-
2021,臺中市,葡萄,461.79,460.79
2021,澎湖縣,葡萄,-,-
2021,桃園市,葡萄,4.93,4.58
2021,新竹縣,葡萄,1.19,0.99
2021,新竹市,葡萄,-,-
2021,新北市,葡萄,0.06,0.06
2021,彰化縣,葡萄,1209.36,1209.36
2021,屏東縣,葡萄,1.2,0.7
2021,宜蘭縣,葡萄,0.7,0.69
2021,基隆市,葡萄,-,-
2021,嘉義縣,葡萄,9.73,9.73
2021,嘉義市,葡萄,-,-
2021,南投縣,葡萄,331.48,331.48
2021,高雄市,草莓,3.02,3.02
2021,雲林縣,草莓,2.47,2.47
2021,金門縣,草莓,-,-
2021,連江縣,草莓,-,-
2021,苗栗縣,草莓,450.79,450.79
2021,花蓮縣,草莓,1.61,1.61
2021,臺東縣,草莓,0.38,0.38
2021,臺南市,草莓,4.08,4.08
2021,臺北市,草莓,4.1,4.1
2021,臺中市,草莓,7.04,7.04
2021,澎湖縣,草莓,0.02,0.02
2021,桃園市,草莓,6.05,6.05
2021,新竹縣,草莓,13.62,13.62
2021,新竹市,草莓,0.03,0.03
2021,新北市,草莓,1.15,1.15
2021,彰化縣,草莓,1.39,1.39
2021,屏東縣,草莓,0.46,0.46
2021,宜蘭縣,草莓,0.48,0.48
2021,基隆市,草莓,-,-
2021,嘉義縣,草莓,2.41,2.41
2021,嘉義市,草莓,-,-
2021,南投縣,草莓,10.1,10.1
2021,高雄市,芒果,1940.2,1937.77
2021,雲林縣,芒果,145.59,144.25
2021,金門縣,芒果,-,-
2021,連江縣,芒果,-,-
2021,苗栗縣,芒果,15.14,15.14
2021,花蓮縣,芒果,123.71,62.47
2021,臺東縣,芒果,330.73,318.18
2021,臺南市,芒果,7244.8,7236.7
2021,臺北市,芒果,-,-
2021,臺中市,芒果,127.51,126.37
2021,澎湖縣,芒果,-,-
2021,桃園市,芒果,3.44,2.27
2021,新竹縣,芒果,3.28,3.28
2021,新竹市,芒果,1.3,0.9
2021,新北市,芒果,1.98,1.71
2021,彰化縣,芒果,169.99,169.93
2021,屏東縣,芒果,5789.57,5677.65
2021,宜蘭縣,芒果,7.64,6.85
2021,基隆市,芒果,0.1,0.1
2021,嘉義縣,芒果,329.68,328.48
2021,嘉義市,芒果,24.77,24.77
2021,南投縣,芒果,109.95,108.05
2021,高雄市,木瓜,286.87,285.59
2021,雲林縣,木瓜,199.41,191.84
2021,金門縣,木瓜,0.27,0.27
2021,連江縣,木瓜,-,-
2021,苗栗縣,木瓜,33.75,33.75
2021,花蓮縣,木瓜,38.35,35.65
2021,臺東縣,木瓜,49.17,49.17
2021,臺南市,木瓜,699.14,684.11
2021,臺北市,木瓜,3.08,3.08
2021,臺中市,木瓜,19.93,18.46
2021,澎湖縣,木瓜,1.29,1.29
2021,桃園市,木瓜,5.46,5.21
2021,新竹縣,木瓜,6.5,6.5
2021,新竹市,木瓜,0.14,0.14
2021,新北市,木瓜,3.34,3.17
2021,彰化縣,木瓜,38.89,38.89
2021,屏東縣,木瓜,710.59,685.54
2021,宜蘭縣,木瓜,6.46,6.46
2021,基隆市,木瓜,0.04,0.04
2021,嘉義縣,木瓜,270.73,239.03
2021,嘉義市,木瓜,10.16,10.16
2021,南投縣,木瓜,402.07,381.88
2020,高雄市,鳳梨,1580.16,1079.68
2020,雲林縣,鳳梨,932.56,535.2
2020,金門縣,鳳梨,-,-
2020,連江縣,鳳梨,-,-
2020,苗栗縣,鳳梨,2.93,2.93
2020,花蓮縣,鳳梨,193.75,161.36
2020,臺東縣,鳳梨,362.61,263.97
2020,臺南市,鳳梨,1727.89,1159.51
2020,臺北市,鳳梨,-,-
2020,臺中市,鳳梨,152.22,142.67
2020,澎湖縣,鳳梨,-,-
2020,桃園市,鳳梨,0.17,0.1
2020,新竹縣,鳳梨,0.07,0.07
2020,新竹市,鳳梨,-,-
2020,新北市,鳳梨,2.79,2.31
2020,彰化縣,鳳梨,262.96,186.83
2020,屏東縣,鳳梨,3596.13,2310.76
2020,宜蘭縣,鳳梨,40.56,37.57
2020,基隆市,鳳梨,0.04,0.04
2020,嘉義縣,鳳梨,1539.36,1058.14
2020,嘉義市,鳳梨,87.86,61.76
2020,南投縣,鳳梨,1264.36,874.35
2020,高雄市,香蕉,2186.31,2166.46
2020,雲林縣,香蕉,731.8,687.55
2020,金門縣,香蕉,0.8,0.8
2020,連江縣,香蕉,-,-
2020,苗栗縣,香蕉,118.15,118.15
2020,花蓮縣,香蕉,643.47,367.59
2020,臺東縣,香蕉,533.87,523.38
2020,臺南市,香蕉,1000.43,998.95
2020,臺北市,香蕉,10.47,10.47
2020,臺中市,香蕉,623.32,621.12
2020,澎湖縣,香蕉,2.49,2.49
2020,桃園市,香蕉,59.56,55.56
2020,新竹縣,香蕉,118.38,118.38
2020,新竹市,香蕉,7,6.5
2020,新北市,香蕉,77.28,71.98
2020,彰化縣,香蕉,133.75,132.48
2020,屏東縣,香蕉,4295.43,3294.07
2020,宜蘭縣,香蕉,109.56,105.97
2020,基隆市,香蕉,4.11,4.11
2020,嘉義縣,香蕉,2552.65,2496.45
2020,嘉義市,香蕉,49.28,49.28
2020,南投縣,香蕉,3158.42,3136.28
2020,高雄市,蘋果,0.02,0.02
2020,雲林縣,蘋果,-,-
2020,金門縣,蘋果,0.02,0.02
2020,連江縣,蘋果,-,-
2020,苗栗縣,蘋果,-,-
2020,花蓮縣,蘋果,1.19,1.19
2020,臺東縣,蘋果,-,-
2020,臺南市,蘋果,-,-
2020,臺北市,蘋果,-,-
2020,臺中市,蘋果,152.2,152.2
2020,澎湖縣,蘋果,-,-
2020,桃園市,蘋果,1,-
2020,新竹縣,蘋果,-,-
2020,新竹市,蘋果,-,-
2020,新北市,蘋果,-,-
2020,彰化縣,蘋果,-,-
2020,屏東縣,蘋果,-,-
2020,宜蘭縣,蘋果,-,-
2020,基隆市,蘋果,-,-
2020,嘉義縣,蘋果,0.06,0.06
2020,嘉義市,蘋果,-,-
2020,南投縣,蘋果,38.5,38.5
2020,高雄市,葡萄,3.55,3.55
2020,雲林縣,葡萄,6.88,6.88
2020,金門縣,葡萄,-,-
2020,連江縣,葡萄,-,-
2020,苗栗縣,葡萄,436.71,436.71
2020,花蓮縣,葡萄,-,-
2020,臺東縣,葡萄,3.31,3.31
2020,臺南市,葡萄,3.06,3.06
2020,臺北市,葡萄,-,-
2020,臺中市,葡萄,460.34,458.67
2020,澎湖縣,葡萄,-,-
2020,桃園市,葡萄,5.2,5.1
2020,新竹縣,葡萄,0.94,0.94
2020,新竹市,葡萄,-,-
2020,新北市,葡萄,0.03,0.03
2020,彰化縣,葡萄,1197.97,1197.97
2020,屏東縣,葡萄,0.7,0.7
2020,宜蘭縣,葡萄,0.73,0.69
2020,基隆市,葡萄,-,-
2020,嘉義縣,葡萄,8.72,8.72
2020,嘉義市,葡萄,-,-
2020,南投縣,葡萄,348.18,348.18
2020,高雄市,草莓,4.16,4.16
2020,雲林縣,草莓,2.38,2.38
2020,金門縣,草莓,-,-
2020,連江縣,草莓,-,-
2020,苗栗縣,草莓,464.79,464.79
2020,花蓮縣,草莓,1.8,1.8
2020,臺東縣,草莓,0.32,0.32
2020,臺南市,草莓,4.8,4.8
2020,臺北市,草莓,6.2,6.2
2020,臺中市,草莓,8.7,8.7
2020,澎湖縣,草莓,0.01,0.01
2020,桃園市,草莓,4.13,4.13
2020,新竹縣,草莓,13.85,13.85
2020,新竹市,草莓,-,-
2020,新北市,草莓,0.95,0.95
2020,彰化縣,草莓,1.61,1.61
2020,屏東縣,草莓,0.25,0.25
2020,宜蘭縣,草莓,0.38,0.38
2020,基隆市,草莓,-,-
2020,嘉義縣,草莓,3.78,3.78
2020,嘉義市,草莓,0.4,0.4
2020,南投縣,草莓,8.8,8.8
2020,高雄市,芒果,1907.88,1904.76
2020,雲林縣,芒果,128.44,112.06
2020,金門縣,芒果,-,-
2020,連江縣,芒果,-,-
2020,苗栗縣,芒果,13.8,13.5
2020,花蓮縣,芒果,119.79,58.66
2020,臺東縣,芒果,313.33,292.89
2020,臺南市,芒果,7274.67,7257.19
2020,臺北市,芒果,-,-
2020,臺中市,芒果,126.88,125.8
2020,澎湖縣,芒果,0.01,-
2020,桃園市,芒果,2.89,1.54
2020,新竹縣,芒果,2.73,2.73
2020,新竹市,芒果,0.9,0.9
2020,新北市,芒果,1.89,1.58
2020,彰化縣,芒果,145.47,145.47
2020,屏東縣,芒果,5810.04,5683.79
2020,宜蘭縣,芒果,8.17,7.13
2020,基隆市,芒果,0.1,0.1
2020,嘉義縣,芒果,327.97,326.46
2020,嘉義市,芒果,24.52,24.52
2020,南投縣,芒果,104.17,101.91
2020,高雄市,木瓜,281.3,265
2020,雲林縣,木瓜,196.34,187.86
2020,金門縣,木瓜,0.27,0.27
2020,連江縣,木瓜,-,-
2020,苗栗縣,木瓜,32.73,32.73
2020,花蓮縣,木瓜,57.32,52.58
2020,臺東縣,木瓜,76.12,62.12
2020,臺南市,木瓜,719.02,713.08
2020,臺北市,木瓜,3.06,3.06
2020,臺中市,木瓜,15.05,14.99
2020,澎湖縣,木瓜,1.41,1.41
2020,桃園市,木瓜,4.2,3.73
2020,新竹縣,木瓜,6.4,6.28
2020,新竹市,木瓜,0.14,0.14
2020,新北市,木瓜,3.32,3.21
2020,彰化縣,木瓜,39.41,39.13
2020,屏東縣,木瓜,690.44,653.36
2020,宜蘭縣,木瓜,6.37,6.37
2020,基隆市,木瓜,-,-
2020,嘉義縣,木瓜,265.4,237.1
2020,嘉義市,木瓜,10.41,10.41
2020,南投縣,木瓜,391.5,387.8
